market_desc,pred_Jumbo,pred_Large,pred_Medium,pred_Small
Jumbo,2529.115148254295,1288.922674538499,290.8122477353532,27.54078015568241
Large,1295.62136191981,2183.209374152635,1034.282925283087,91.24400980767922
Medium,283.4687225888761,1047.611264160898,1782.78014561305,154.1071376626919
Small,28.185617283816,84.61435942904818,160.0919508227842,85.84245739365599
